"Model","Mean","SD"
"BMA",0.829853628994243,0.176890327190421
"Forward Selection",1.08745697232705,0.255973097776688
"Lasso",1.12482992784591,0.338009671428702
"Random Forest",2.08578767306143,1.00547536957089
"Ridge",2.06375048775807,0.740122901020805
